,receptor,trajectory_index,missing_file
0,adora2a,16,at-frame3200.pdbqt
1,adora2a,89,at-frame17800.pdbqt
2,adora2a,154,at-frame30800.pdbqt
3,adora2a,156,at-frame31200.pdbqt
4,adora2a,172,at-frame34400.pdbqt
5,adora2a,178,at-frame35600.pdbqt
6,adora2a,182,at-frame36400.pdbqt
7,adora2a,196,at-frame39200.pdbqt
8,adora2a,285,at-frame57000.pdbqt
9,adora2a,309,at-frame61800.pdbqt
10,adora2a,340,at-frame68000.pdbqt
11,adora2a,350,at-frame70000.pdbqt
12,adora2a,360,at-frame72000.pdbqt
13,adora2a,419,at-frame83800.pdbqt
14,adora2a,425,at-frame85000.pdbqt
15,adora2a,454,at-frame90800.pdbqt
16,adora2a,476,at-frame95200.pdbqt
17,adora2a,479,at-frame95800.pdbqt
18,adora2a,487,at-frame97400.pdbqt
19,adora2a,488,at-frame97600.pdbqt
20,adora2a,501,at-frame100200.pdbqt
21,adora2a,503,at-frame100600.pdbqt
22,adora2a,515,at-frame103000.pdbqt
23,adora2a,644,at-frame128800.pdbqt
24,adora2a,646,at-frame129200.pdbqt
25,adora2a,649,at-frame129800.pdbqt
26,adora2a,679,at-frame135800.pdbqt
27,adora2a,750,at-frame150000.pdbqt
28,adora2a,785,at-frame157000.pdbqt
29,adora2a,828,at-frame165600.pdbqt
30,adora2a,838,at-frame167600.pdbqt
31,adora2a,843,at-frame168600.pdbqt
32,adora2a,888,at-frame177600.pdbqt
33,adora2a,889,at-frame177800.pdbqt
34,adora2a,896,at-frame179200.pdbqt
35,adora2a,930,at-frame186000.pdbqt
36,adora2a,955,at-frame191000.pdbqt
37,adora2a,957,at-frame191400.pdbqt
38,adora2a,1009,at-frame201800.pdbqt
39,adora2a,1023,at-frame204600.pdbqt
40,adora2a,1047,at-frame209400.pdbqt
41,adora2a,1069,at-frame213800.pdbqt
42,adora2a,1079,at-frame215800.pdbqt
43,adora2a,1086,at-frame217200.pdbqt
44,adora2a,1118,at-frame223600.pdbqt
45,adora2a,1193,at-frame238600.pdbqt
46,adora2a,1207,at-frame241400.pdbqt
47,adora2a,1271,at-frame254200.pdbqt
48,adora2a,1277,at-frame255400.pdbqt
49,adora2a,1298,at-frame259600.pdbqt
50,adora2a,1300,at-frame260000.pdbqt
51,adora2a,1381,at-frame276200.pdbqt
52,adora2a,1382,at-frame276400.pdbqt
53,adora2a,1433,at-frame286600.pdbqt
54,adora2a,1517,at-frame303400.pdbqt
55,adora2a,1520,at-frame304000.pdbqt
56,adora2a,1530,at-frame306000.pdbqt
57,adora2a,1531,at-frame306200.pdbqt
58,adora2a,1533,at-frame306600.pdbqt
59,adora2a,1536,at-frame307200.pdbqt
60,adora2a,1538,at-frame307600.pdbqt
61,adora2a,1583,at-frame316600.pdbqt
62,adora2a,1588,at-frame317600.pdbqt
63,adora2a,1599,at-frame319800.pdbqt
64,adora2a,1643,at-frame328600.pdbqt
65,adora2a,1654,at-frame330800.pdbqt
66,adora2a,1662,at-frame332400.pdbqt
67,adora2a,1668,at-frame333600.pdbqt
68,adora2a,1682,at-frame336400.pdbqt
69,adora2a,1693,at-frame338600.pdbqt
70,adora2a,1712,at-frame342400.pdbqt
71,adora2a,1733,at-frame346600.pdbqt
72,adora2a,1744,at-frame348800.pdbqt
73,adora2a,1783,at-frame356600.pdbqt
74,adora2a,1793,at-frame358600.pdbqt
75,adora2a,1830,at-frame366000.pdbqt
76,adora2a,1852,at-frame370400.pdbqt
77,adora2a,1885,at-frame377000.pdbqt
78,adora2a,1912,at-frame382400.pdbqt
79,adora2a,1943,at-frame388600.pdbqt
80,adora2a,1970,at-frame394000.pdbqt
81,adora2a,2003,at-frame400600.pdbqt
82,adora2a,2015,at-frame403000.pdbqt
83,adora2a,2042,at-frame408400.pdbqt
84,adora2a,2124,at-frame424800.pdbqt
85,adora2a,2128,at-frame425600.pdbqt
86,adora2a,2187,at-frame437400.pdbqt
87,adora2a,2194,at-frame438800.pdbqt
88,adora2a,2197,at-frame439400.pdbqt
89,adora2a,2207,at-frame441400.pdbqt
90,adora2a,2242,at-frame448400.pdbqt
91,adora2a,2300,at-frame460000.pdbqt
92,adora2a,2309,at-frame461800.pdbqt
93,adora2a,2320,at-frame464000.pdbqt
94,adora2a,2323,at-frame464600.pdbqt
95,adora2a,2336,at-frame467200.pdbqt
96,adora2a,2340,at-frame468000.pdbqt
97,adora2a,2399,at-frame479800.pdbqt
98,adora2a,2434,at-frame486800.pdbqt
99,adora2a,2447,at-frame489400.pdbqt
100,adora2a,2457,at-frame491400.pdbqt
101,adora2a,2554,at-frame510800.pdbqt
102,adora2a,2557,at-frame511400.pdbqt
103,adora2a,2565,at-frame513000.pdbqt
104,adora2a,2582,at-frame516400.pdbqt
105,adora2a,2609,at-frame521800.pdbqt
106,adora2a,2613,at-frame522600.pdbqt
107,adora2a,2639,at-frame527800.pdbqt
108,adora2a,2667,at-frame533400.pdbqt
109,adora2a,2668,at-frame533600.pdbqt
110,adora2a,2692,at-frame538400.pdbqt
111,adora2a,2787,at-frame557400.pdbqt
112,adora2a,2872,at-frame574400.pdbqt
113,adora2a,2874,at-frame574800.pdbqt
114,adora2a,2875,at-frame575000.pdbqt
115,adora2a,2878,at-frame575600.pdbqt
116,adora2a,2908,at-frame581600.pdbqt
117,adora2a,2957,at-frame591400.pdbqt
118,adora2a,2984,at-frame596800.pdbqt
119,adora2a,2986,at-frame597200.pdbqt
120,adrb2,5,at-frame1000.pdbqt
121,adrb2,306,at-frame61200.pdbqt
122,adrb2,336,at-frame67200.pdbqt
123,adrb2,350,at-frame70000.pdbqt
124,adrb2,399,at-frame79800.pdbqt
125,adrb2,411,at-frame82200.pdbqt
126,adrb2,412,at-frame82400.pdbqt
127,adrb2,437,at-frame87400.pdbqt
128,adrb2,453,at-frame90600.pdbqt
129,adrb2,489,at-frame97800.pdbqt
130,adrb2,571,at-frame114200.pdbqt
131,adrb2,676,at-frame135200.pdbqt
132,adrb2,680,at-frame136000.pdbqt
133,adrb2,696,at-frame139200.pdbqt
134,adrb2,765,at-frame153000.pdbqt
135,adrb2,789,at-frame157800.pdbqt
136,adrb2,806,at-frame161200.pdbqt
137,adrb2,808,at-frame161600.pdbqt
138,adrb2,815,at-frame163000.pdbqt
139,adrb2,841,at-frame168200.pdbqt
140,adrb2,848,at-frame169600.pdbqt
141,adrb2,853,at-frame170600.pdbqt
142,adrb2,865,at-frame173000.pdbqt
143,adrb2,873,at-frame174600.pdbqt
144,adrb2,916,at-frame183200.pdbqt
145,adrb2,1127,at-frame225400.pdbqt
146,adrb2,1128,at-frame225600.pdbqt
147,adrb2,1130,at-frame226000.pdbqt
148,adrb2,1132,at-frame226400.pdbqt
149,adrb2,1133,at-frame226600.pdbqt
150,adrb2,1136,at-frame227200.pdbqt
151,adrb2,1138,at-frame227600.pdbqt
152,adrb2,1139,at-frame227800.pdbqt
153,adrb2,1143,at-frame228600.pdbqt
154,adrb2,1148,at-frame229600.pdbqt
155,adrb2,1150,at-frame230000.pdbqt
156,adrb2,1152,at-frame230400.pdbqt
157,adrb2,1155,at-frame231000.pdbqt
158,adrb2,1156,at-frame231200.pdbqt
159,adrb2,1158,at-frame231600.pdbqt
160,adrb2,1159,at-frame231800.pdbqt
161,adrb2,1160,at-frame232000.pdbqt
162,adrb2,1161,at-frame232200.pdbqt
163,adrb2,1162,at-frame232400.pdbqt
164,adrb2,1163,at-frame232600.pdbqt
165,adrb2,1164,at-frame232800.pdbqt
166,adrb2,1167,at-frame233400.pdbqt
167,adrb2,1168,at-frame233600.pdbqt
168,adrb2,1170,at-frame234000.pdbqt
169,adrb2,1171,at-frame234200.pdbqt
170,adrb2,1172,at-frame234400.pdbqt
171,adrb2,1174,at-frame234800.pdbqt
172,adrb2,1175,at-frame235000.pdbqt
173,adrb2,1176,at-frame235200.pdbqt
174,adrb2,1177,at-frame235400.pdbqt
175,adrb2,1179,at-frame235800.pdbqt
176,adrb2,1180,at-frame236000.pdbqt
177,adrb2,1181,at-frame236200.pdbqt
178,adrb2,1182,at-frame236400.pdbqt
179,adrb2,1183,at-frame236600.pdbqt
180,adrb2,1185,at-frame237000.pdbqt
181,adrb2,1186,at-frame237200.pdbqt
182,adrb2,1187,at-frame237400.pdbqt
183,adrb2,1188,at-frame237600.pdbqt
184,adrb2,1189,at-frame237800.pdbqt
185,adrb2,1190,at-frame238000.pdbqt
186,adrb2,1191,at-frame238200.pdbqt
187,adrb2,1192,at-frame238400.pdbqt
188,adrb2,1193,at-frame238600.pdbqt
189,adrb2,1194,at-frame238800.pdbqt
190,adrb2,1197,at-frame239400.pdbqt
191,adrb2,1199,at-frame239800.pdbqt
192,adrb2,1200,at-frame240000.pdbqt
193,adrb2,1202,at-frame240400.pdbqt
194,adrb2,1203,at-frame240600.pdbqt
195,adrb2,1205,at-frame241000.pdbqt
196,adrb2,1206,at-frame241200.pdbqt
197,adrb2,1207,at-frame241400.pdbqt
198,adrb2,1209,at-frame241800.pdbqt
199,adrb2,1210,at-frame242000.pdbqt
200,adrb2,1211,at-frame242200.pdbqt
201,adrb2,1212,at-frame242400.pdbqt
202,adrb2,1214,at-frame242800.pdbqt
203,adrb2,1215,at-frame243000.pdbqt
204,adrb2,1216,at-frame243200.pdbqt
205,adrb2,1217,at-frame243400.pdbqt
206,adrb2,1218,at-frame243600.pdbqt
207,adrb2,1219,at-frame243800.pdbqt
208,adrb2,1220,at-frame244000.pdbqt
209,adrb2,1221,at-frame244200.pdbqt
210,adrb2,1222,at-frame244400.pdbqt
211,adrb2,1224,at-frame244800.pdbqt
212,adrb2,1225,at-frame245000.pdbqt
213,adrb2,1226,at-frame245200.pdbqt
214,adrb2,1227,at-frame245400.pdbqt
215,adrb2,1228,at-frame245600.pdbqt
216,adrb2,1230,at-frame246000.pdbqt
217,adrb2,1231,at-frame246200.pdbqt
218,adrb2,1232,at-frame246400.pdbqt
219,adrb2,1235,at-frame247000.pdbqt
220,adrb2,1236,at-frame247200.pdbqt
221,adrb2,1237,at-frame247400.pdbqt
222,adrb2,1240,at-frame248000.pdbqt
223,adrb2,1245,at-frame249000.pdbqt
224,adrb2,1246,at-frame249200.pdbqt
225,adrb2,1247,at-frame249400.pdbqt
226,adrb2,1248,at-frame249600.pdbqt
227,adrb2,1249,at-frame249800.pdbqt
228,adrb2,1250,at-frame250000.pdbqt
229,adrb2,1251,at-frame250200.pdbqt
230,adrb2,1252,at-frame250400.pdbqt
231,adrb2,1253,at-frame250600.pdbqt
232,adrb2,1254,at-frame250800.pdbqt
233,adrb2,1255,at-frame251000.pdbqt
234,adrb2,1256,at-frame251200.pdbqt
235,adrb2,1257,at-frame251400.pdbqt
236,adrb2,1258,at-frame251600.pdbqt
237,adrb2,1259,at-frame251800.pdbqt
238,adrb2,1260,at-frame252000.pdbqt
239,adrb2,1261,at-frame252200.pdbqt
240,adrb2,1262,at-frame252400.pdbqt
241,adrb2,1263,at-frame252600.pdbqt
242,adrb2,1265,at-frame253000.pdbqt
243,adrb2,1266,at-frame253200.pdbqt
244,adrb2,1267,at-frame253400.pdbqt
245,adrb2,1268,at-frame253600.pdbqt
246,adrb2,1269,at-frame253800.pdbqt
247,adrb2,1270,at-frame254000.pdbqt
248,adrb2,1271,at-frame254200.pdbqt
249,adrb2,1272,at-frame254400.pdbqt
250,adrb2,1273,at-frame254600.pdbqt
251,adrb2,1274,at-frame254800.pdbqt
252,adrb2,1275,at-frame255000.pdbqt
253,adrb2,1276,at-frame255200.pdbqt
254,adrb2,1277,at-frame255400.pdbqt
255,adrb2,1278,at-frame255600.pdbqt
256,adrb2,1279,at-frame255800.pdbqt
257,adrb2,1280,at-frame256000.pdbqt
258,adrb2,1281,at-frame256200.pdbqt
259,adrb2,1282,at-frame256400.pdbqt
260,adrb2,1283,at-frame256600.pdbqt
261,adrb2,1284,at-frame256800.pdbqt
262,adrb2,1285,at-frame257000.pdbqt
263,adrb2,1286,at-frame257200.pdbqt
264,adrb2,1287,at-frame257400.pdbqt
265,adrb2,1288,at-frame257600.pdbqt
266,adrb2,1289,at-frame257800.pdbqt
267,adrb2,1290,at-frame258000.pdbqt
268,adrb2,1291,at-frame258200.pdbqt
269,adrb2,1292,at-frame258400.pdbqt
270,adrb2,1293,at-frame258600.pdbqt
271,adrb2,1294,at-frame258800.pdbqt
272,adrb2,1295,at-frame259000.pdbqt
273,adrb2,1296,at-frame259200.pdbqt
274,adrb2,1297,at-frame259400.pdbqt
275,adrb2,1298,at-frame259600.pdbqt
276,adrb2,1299,at-frame259800.pdbqt
277,adrb2,1300,at-frame260000.pdbqt
278,adrb2,1301,at-frame260200.pdbqt
279,adrb2,1302,at-frame260400.pdbqt
280,adrb2,1303,at-frame260600.pdbqt
281,adrb2,1304,at-frame260800.pdbqt
282,adrb2,1305,at-frame261000.pdbqt
283,adrb2,1308,at-frame261600.pdbqt
284,adrb2,1309,at-frame261800.pdbqt
285,adrb2,1310,at-frame262000.pdbqt
286,adrb2,1311,at-frame262200.pdbqt
287,adrb2,1312,at-frame262400.pdbqt
288,adrb2,1313,at-frame262600.pdbqt
289,adrb2,1314,at-frame262800.pdbqt
290,adrb2,1315,at-frame263000.pdbqt
291,adrb2,1316,at-frame263200.pdbqt
292,adrb2,1317,at-frame263400.pdbqt
293,adrb2,1318,at-frame263600.pdbqt
294,adrb2,1320,at-frame264000.pdbqt
295,adrb2,1321,at-frame264200.pdbqt
296,adrb2,1322,at-frame264400.pdbqt
297,adrb2,1323,at-frame264600.pdbqt
298,adrb2,1324,at-frame264800.pdbqt
299,adrb2,1325,at-frame265000.pdbqt
300,adrb2,1326,at-frame265200.pdbqt
301,adrb2,1327,at-frame265400.pdbqt
302,adrb2,1328,at-frame265600.pdbqt
303,adrb2,1329,at-frame265800.pdbqt
304,adrb2,1330,at-frame266000.pdbqt
305,adrb2,1331,at-frame266200.pdbqt
306,adrb2,1332,at-frame266400.pdbqt
307,adrb2,1333,at-frame266600.pdbqt
308,adrb2,1334,at-frame266800.pdbqt
309,adrb2,1335,at-frame267000.pdbqt
310,adrb2,1336,at-frame267200.pdbqt
311,adrb2,1337,at-frame267400.pdbqt
312,adrb2,1338,at-frame267600.pdbqt
313,adrb2,1339,at-frame267800.pdbqt
314,adrb2,1340,at-frame268000.pdbqt
315,adrb2,1341,at-frame268200.pdbqt
316,adrb2,1342,at-frame268400.pdbqt
317,adrb2,1343,at-frame268600.pdbqt
318,adrb2,1344,at-frame268800.pdbqt
319,adrb2,1345,at-frame269000.pdbqt
320,adrb2,1346,at-frame269200.pdbqt
321,adrb2,1347,at-frame269400.pdbqt
322,adrb2,1348,at-frame269600.pdbqt
323,adrb2,1349,at-frame269800.pdbqt
324,adrb2,1350,at-frame270000.pdbqt
325,adrb2,1351,at-frame270200.pdbqt
326,adrb2,1352,at-frame270400.pdbqt
327,adrb2,1353,at-frame270600.pdbqt
328,adrb2,1354,at-frame270800.pdbqt
329,adrb2,1355,at-frame271000.pdbqt
330,adrb2,1357,at-frame271400.pdbqt
331,adrb2,1358,at-frame271600.pdbqt
332,adrb2,1359,at-frame271800.pdbqt
333,adrb2,1360,at-frame272000.pdbqt
334,adrb2,1361,at-frame272200.pdbqt
335,adrb2,1363,at-frame272600.pdbqt
336,adrb2,1364,at-frame272800.pdbqt
337,adrb2,1365,at-frame273000.pdbqt
338,adrb2,1366,at-frame273200.pdbqt
339,adrb2,1367,at-frame273400.pdbqt
340,adrb2,1368,at-frame273600.pdbqt
341,adrb2,1369,at-frame273800.pdbqt
342,adrb2,1370,at-frame274000.pdbqt
343,adrb2,1371,at-frame274200.pdbqt
344,adrb2,1372,at-frame274400.pdbqt
345,adrb2,1373,at-frame274600.pdbqt
346,adrb2,1374,at-frame274800.pdbqt
347,adrb2,1375,at-frame275000.pdbqt
348,adrb2,1376,at-frame275200.pdbqt
349,adrb2,1377,at-frame275400.pdbqt
350,adrb2,1378,at-frame275600.pdbqt
351,adrb2,1379,at-frame275800.pdbqt
352,adrb2,1380,at-frame276000.pdbqt
353,adrb2,1381,at-frame276200.pdbqt
354,adrb2,1383,at-frame276600.pdbqt
355,adrb2,1384,at-frame276800.pdbqt
356,adrb2,1386,at-frame277200.pdbqt
357,adrb2,1387,at-frame277400.pdbqt
358,adrb2,1388,at-frame277600.pdbqt
359,adrb2,1389,at-frame277800.pdbqt
360,adrb2,1390,at-frame278000.pdbqt
361,adrb2,1391,at-frame278200.pdbqt
362,adrb2,1392,at-frame278400.pdbqt
363,adrb2,1393,at-frame278600.pdbqt
364,adrb2,1394,at-frame278800.pdbqt
365,adrb2,1395,at-frame279000.pdbqt
366,adrb2,1396,at-frame279200.pdbqt
367,adrb2,1397,at-frame279400.pdbqt
368,adrb2,1399,at-frame279800.pdbqt
369,adrb2,1400,at-frame280000.pdbqt
370,adrb2,1401,at-frame280200.pdbqt
371,adrb2,1402,at-frame280400.pdbqt
372,adrb2,1403,at-frame280600.pdbqt
373,adrb2,1405,at-frame281000.pdbqt
374,adrb2,1407,at-frame281400.pdbqt
375,adrb2,1409,at-frame281800.pdbqt
376,adrb2,1410,at-frame282000.pdbqt
377,adrb2,1412,at-frame282400.pdbqt
378,adrb2,1413,at-frame282600.pdbqt
379,adrb2,1414,at-frame282800.pdbqt
380,adrb2,1416,at-frame283200.pdbqt
381,adrb2,1417,at-frame283400.pdbqt
382,adrb2,1418,at-frame283600.pdbqt
383,adrb2,1419,at-frame283800.pdbqt
384,adrb2,1420,at-frame284000.pdbqt
385,adrb2,1421,at-frame284200.pdbqt
386,adrb2,1424,at-frame284800.pdbqt
387,adrb2,1425,at-frame285000.pdbqt
388,adrb2,1427,at-frame285400.pdbqt
389,adrb2,1429,at-frame285800.pdbqt
390,adrb2,1430,at-frame286000.pdbqt
391,adrb2,1437,at-frame287400.pdbqt
392,adrb2,1440,at-frame288000.pdbqt
393,adrb2,1441,at-frame288200.pdbqt
394,adrb2,1449,at-frame289800.pdbqt
395,adrb2,1451,at-frame290200.pdbqt
396,adrb2,1452,at-frame290400.pdbqt
397,adrb2,1455,at-frame291000.pdbqt
398,adrb2,1466,at-frame293200.pdbqt
399,adrb2,1469,at-frame293800.pdbqt
400,adrb2,1470,at-frame294000.pdbqt
401,adrb2,1473,at-frame294600.pdbqt
402,adrb2,1477,at-frame295400.pdbqt
403,adrb2,1485,at-frame297000.pdbqt
404,adrb2,1548,at-frame309600.pdbqt
405,adrb2,1580,at-frame316000.pdbqt
406,adrb2,1613,at-frame322600.pdbqt
407,adrb2,1630,at-frame326000.pdbqt
408,adrb2,1635,at-frame327000.pdbqt
409,adrb2,1636,at-frame327200.pdbqt
410,adrb2,1637,at-frame327400.pdbqt
411,adrb2,1639,at-frame327800.pdbqt
412,adrb2,1642,at-frame328400.pdbqt
413,adrb2,1644,at-frame328800.pdbqt
414,adrb2,1660,at-frame332000.pdbqt
415,adrb2,1665,at-frame333000.pdbqt
416,adrb2,1702,at-frame340400.pdbqt
417,adrb2,1706,at-frame341200.pdbqt
418,adrb2,1708,at-frame341600.pdbqt
419,adrb2,1801,at-frame360200.pdbqt
420,adrb2,1888,at-frame377600.pdbqt
421,adrb2,1971,at-frame394200.pdbqt
422,adrb2,1980,at-frame396000.pdbqt
423,adrb2,1982,at-frame396400.pdbqt
424,adrb2,2016,at-frame403200.pdbqt
425,adrb2,2034,at-frame406800.pdbqt
426,adrb2,2054,at-frame410800.pdbqt
427,adrb2,2119,at-frame423800.pdbqt
428,adrb2,2160,at-frame432000.pdbqt
429,adrb2,2443,at-frame488600.pdbqt
430,adrb2,2447,at-frame489400.pdbqt
431,adrb2,2641,at-frame528200.pdbqt
432,adrb2,2694,at-frame538800.pdbqt
433,adrb2,2695,at-frame539000.pdbqt
434,adrb2,2700,at-frame540000.pdbqt
435,adrb2,2704,at-frame540800.pdbqt
436,adrb2,2707,at-frame541400.pdbqt
437,adrb2,2711,at-frame542200.pdbqt
438,adrb2,2712,at-frame542400.pdbqt
439,adrb2,2713,at-frame542600.pdbqt
440,adrb2,2714,at-frame542800.pdbqt
441,adrb2,2715,at-frame543000.pdbqt
442,adrb2,2716,at-frame543200.pdbqt
443,adrb2,2717,at-frame543400.pdbqt
444,adrb2,2718,at-frame543600.pdbqt
445,adrb2,2719,at-frame543800.pdbqt
446,adrb2,2721,at-frame544200.pdbqt
447,adrb2,2722,at-frame544400.pdbqt
448,adrb2,2723,at-frame544600.pdbqt
449,adrb2,2724,at-frame544800.pdbqt
450,adrb2,2725,at-frame545000.pdbqt
451,adrb2,2726,at-frame545200.pdbqt
452,adrb2,2728,at-frame545600.pdbqt
453,adrb2,2729,at-frame545800.pdbqt
454,adrb2,2730,at-frame546000.pdbqt
455,adrb2,2731,at-frame546200.pdbqt
456,adrb2,2732,at-frame546400.pdbqt
457,adrb2,2733,at-frame546600.pdbqt
458,adrb2,2734,at-frame546800.pdbqt
459,adrb2,2735,at-frame547000.pdbqt
460,adrb2,2736,at-frame547200.pdbqt
461,adrb2,2737,at-frame547400.pdbqt
462,adrb2,2739,at-frame547800.pdbqt
463,adrb2,2742,at-frame548400.pdbqt
464,adrb2,2743,at-frame548600.pdbqt
465,adrb2,2744,at-frame548800.pdbqt
466,adrb2,2746,at-frame549200.pdbqt
467,adrb2,2748,at-frame549600.pdbqt
468,adrb2,2749,at-frame549800.pdbqt
469,adrb2,2751,at-frame550200.pdbqt
470,adrb2,2752,at-frame550400.pdbqt
471,adrb2,2753,at-frame550600.pdbqt
472,adrb2,2754,at-frame550800.pdbqt
473,adrb2,2755,at-frame551000.pdbqt
474,adrb2,2757,at-frame551400.pdbqt
475,adrb2,2758,at-frame551600.pdbqt
476,adrb2,2759,at-frame551800.pdbqt
477,adrb2,2761,at-frame552200.pdbqt
478,adrb2,2762,at-frame552400.pdbqt
479,adrb2,2766,at-frame553200.pdbqt
480,adrb2,2767,at-frame553400.pdbqt
481,adrb2,2768,at-frame553600.pdbqt
482,adrb2,2769,at-frame553800.pdbqt
483,adrb2,2770,at-frame554000.pdbqt
484,adrb2,2771,at-frame554200.pdbqt
485,adrb2,2773,at-frame554600.pdbqt
486,adrb2,2774,at-frame554800.pdbqt
487,adrb2,2775,at-frame555000.pdbqt
488,adrb2,2776,at-frame555200.pdbqt
489,adrb2,2777,at-frame555400.pdbqt
490,adrb2,2778,at-frame555600.pdbqt
491,adrb2,2779,at-frame555800.pdbqt
492,adrb2,2780,at-frame556000.pdbqt
493,adrb2,2781,at-frame556200.pdbqt
494,adrb2,2782,at-frame556400.pdbqt
495,adrb2,2783,at-frame556600.pdbqt
496,adrb2,2784,at-frame556800.pdbqt
497,adrb2,2785,at-frame557000.pdbqt
498,adrb2,2786,at-frame557200.pdbqt
499,adrb2,2787,at-frame557400.pdbqt
500,adrb2,2788,at-frame557600.pdbqt
501,adrb2,2789,at-frame557800.pdbqt
502,adrb2,2790,at-frame558000.pdbqt
503,adrb2,2791,at-frame558200.pdbqt
504,adrb2,2792,at-frame558400.pdbqt
505,adrb2,2793,at-frame558600.pdbqt
506,adrb2,2794,at-frame558800.pdbqt
507,adrb2,2795,at-frame559000.pdbqt
508,adrb2,2796,at-frame559200.pdbqt
509,adrb2,2797,at-frame559400.pdbqt
510,adrb2,2798,at-frame559600.pdbqt
511,adrb2,2799,at-frame559800.pdbqt
512,adrb2,2801,at-frame560200.pdbqt
513,adrb2,2802,at-frame560400.pdbqt
514,adrb2,2804,at-frame560800.pdbqt
515,adrb2,2805,at-frame561000.pdbqt
516,adrb2,2806,at-frame561200.pdbqt
517,adrb2,2807,at-frame561400.pdbqt
518,adrb2,2808,at-frame561600.pdbqt
519,adrb2,2809,at-frame561800.pdbqt
520,adrb2,2810,at-frame562000.pdbqt
521,adrb2,2811,at-frame562200.pdbqt
522,adrb2,2812,at-frame562400.pdbqt
523,adrb2,2813,at-frame562600.pdbqt
524,adrb2,2814,at-frame562800.pdbqt
525,adrb2,2815,at-frame563000.pdbqt
526,adrb2,2816,at-frame563200.pdbqt
527,adrb2,2817,at-frame563400.pdbqt
528,adrb2,2818,at-frame563600.pdbqt
529,adrb2,2819,at-frame563800.pdbqt
530,adrb2,2820,at-frame564000.pdbqt
531,adrb2,2821,at-frame564200.pdbqt
532,adrb2,2822,at-frame564400.pdbqt
533,adrb2,2823,at-frame564600.pdbqt
534,adrb2,2824,at-frame564800.pdbqt
535,adrb2,2825,at-frame565000.pdbqt
536,adrb2,2826,at-frame565200.pdbqt
537,adrb2,2827,at-frame565400.pdbqt
538,adrb2,2828,at-frame565600.pdbqt
539,adrb2,2829,at-frame565800.pdbqt
540,adrb2,2830,at-frame566000.pdbqt
541,adrb2,2831,at-frame566200.pdbqt
542,adrb2,2832,at-frame566400.pdbqt
543,adrb2,2833,at-frame566600.pdbqt
544,adrb2,2834,at-frame566800.pdbqt
545,adrb2,2836,at-frame567200.pdbqt
546,adrb2,2838,at-frame567600.pdbqt
547,adrb2,2839,at-frame567800.pdbqt
548,adrb2,2840,at-frame568000.pdbqt
549,adrb2,2844,at-frame568800.pdbqt
550,adrb2,2845,at-frame569000.pdbqt
551,adrb2,2846,at-frame569200.pdbqt
552,adrb2,2847,at-frame569400.pdbqt
553,adrb2,2848,at-frame569600.pdbqt
554,adrb2,2850,at-frame570000.pdbqt
555,adrb2,2851,at-frame570200.pdbqt
556,adrb2,2852,at-frame570400.pdbqt
557,adrb2,2853,at-frame570600.pdbqt
558,adrb2,2854,at-frame570800.pdbqt
559,adrb2,2855,at-frame571000.pdbqt
560,adrb2,2856,at-frame571200.pdbqt
561,adrb2,2857,at-frame571400.pdbqt
562,adrb2,2858,at-frame571600.pdbqt
563,adrb2,2860,at-frame572000.pdbqt
564,adrb2,2861,at-frame572200.pdbqt
565,adrb2,2864,at-frame572800.pdbqt
566,adrb2,2865,at-frame573000.pdbqt
567,adrb2,2866,at-frame573200.pdbqt
568,adrb2,2867,at-frame573400.pdbqt
569,adrb2,2868,at-frame573600.pdbqt
570,adrb2,2870,at-frame574000.pdbqt
571,adrb2,2871,at-frame574200.pdbqt
572,adrb2,2872,at-frame574400.pdbqt
573,adrb2,2873,at-frame574600.pdbqt
574,adrb2,2874,at-frame574800.pdbqt
575,adrb2,2875,at-frame575000.pdbqt
576,adrb2,2876,at-frame575200.pdbqt
577,adrb2,2877,at-frame575400.pdbqt
578,adrb2,2879,at-frame575800.pdbqt
579,adrb2,2881,at-frame576200.pdbqt
580,adrb2,2884,at-frame576800.pdbqt
581,adrb2,2885,at-frame577000.pdbqt
582,adrb2,2886,at-frame577200.pdbqt
583,adrb2,2889,at-frame577800.pdbqt
584,adrb2,2890,at-frame578000.pdbqt
585,adrb2,2891,at-frame578200.pdbqt
586,adrb2,2892,at-frame578400.pdbqt
587,adrb2,2893,at-frame578600.pdbqt
588,adrb2,2894,at-frame578800.pdbqt
589,adrb2,2895,at-frame579000.pdbqt
590,adrb2,2896,at-frame579200.pdbqt
591,adrb2,2897,at-frame579400.pdbqt
592,adrb2,2898,at-frame579600.pdbqt
593,adrb2,2899,at-frame579800.pdbqt
594,adrb2,2900,at-frame580000.pdbqt
595,adrb2,2901,at-frame580200.pdbqt
596,adrb2,2902,at-frame580400.pdbqt
597,adrb2,2903,at-frame580600.pdbqt
598,adrb2,2904,at-frame580800.pdbqt
599,adrb2,2905,at-frame581000.pdbqt
600,adrb2,2907,at-frame581400.pdbqt
601,adrb2,2908,at-frame581600.pdbqt
602,adrb2,2909,at-frame581800.pdbqt
603,adrb2,2911,at-frame582200.pdbqt
604,adrb2,2912,at-frame582400.pdbqt
605,adrb2,2914,at-frame582800.pdbqt
606,adrb2,2916,at-frame583200.pdbqt
607,adrb2,2917,at-frame583400.pdbqt
608,adrb2,2919,at-frame583800.pdbqt
609,adrb2,2920,at-frame584000.pdbqt
610,adrb2,2921,at-frame584200.pdbqt
611,adrb2,2922,at-frame584400.pdbqt
612,adrb2,2923,at-frame584600.pdbqt
613,adrb2,2925,at-frame585000.pdbqt
614,adrb2,2926,at-frame585200.pdbqt
615,adrb2,2927,at-frame585400.pdbqt
616,adrb2,2928,at-frame585600.pdbqt
617,adrb2,2929,at-frame585800.pdbqt
618,adrb2,2931,at-frame586200.pdbqt
619,adrb2,2932,at-frame586400.pdbqt
620,adrb2,2934,at-frame586800.pdbqt
621,adrb2,2935,at-frame587000.pdbqt
622,adrb2,2936,at-frame587200.pdbqt
623,adrb2,2937,at-frame587400.pdbqt
624,adrb2,2938,at-frame587600.pdbqt
625,adrb2,2939,at-frame587800.pdbqt
626,adrb2,2940,at-frame588000.pdbqt
627,adrb2,2941,at-frame588200.pdbqt
628,adrb2,2942,at-frame588400.pdbqt
629,adrb2,2943,at-frame588600.pdbqt
630,adrb2,2944,at-frame588800.pdbqt
631,adrb2,2945,at-frame589000.pdbqt
632,adrb2,2946,at-frame589200.pdbqt
633,adrb2,2947,at-frame589400.pdbqt
634,adrb2,2948,at-frame589600.pdbqt
635,adrb2,2949,at-frame589800.pdbqt
636,adrb2,2951,at-frame590200.pdbqt
637,adrb2,2952,at-frame590400.pdbqt
638,adrb2,2953,at-frame590600.pdbqt
639,adrb2,2954,at-frame590800.pdbqt
640,adrb2,2955,at-frame591000.pdbqt
641,adrb2,2956,at-frame591200.pdbqt
642,adrb2,2957,at-frame591400.pdbqt
643,adrb2,2958,at-frame591600.pdbqt
644,adrb2,2959,at-frame591800.pdbqt
645,adrb2,2960,at-frame592000.pdbqt
646,adrb2,2961,at-frame592200.pdbqt
647,adrb2,2962,at-frame592400.pdbqt
648,adrb2,2963,at-frame592600.pdbqt
649,adrb2,2964,at-frame592800.pdbqt
650,adrb2,2965,at-frame593000.pdbqt
651,adrb2,2966,at-frame593200.pdbqt
652,adrb2,2967,at-frame593400.pdbqt
653,adrb2,2968,at-frame593600.pdbqt
654,adrb2,2969,at-frame593800.pdbqt
655,adrb2,2970,at-frame594000.pdbqt
656,adrb2,2971,at-frame594200.pdbqt
657,adrb2,2972,at-frame594400.pdbqt
658,adrb2,2974,at-frame594800.pdbqt
659,adrb2,2975,at-frame595000.pdbqt
660,adrb2,2976,at-frame595200.pdbqt
661,adrb2,2977,at-frame595400.pdbqt
662,adrb2,2978,at-frame595600.pdbqt
663,adrb2,2979,at-frame595800.pdbqt
664,adrb2,2980,at-frame596000.pdbqt
665,adrb2,2981,at-frame596200.pdbqt
666,adrb2,2985,at-frame597000.pdbqt
667,adrb2,2986,at-frame597200.pdbqt
668,adrb2,2989,at-frame597800.pdbqt
669,adrb2,2991,at-frame598200.pdbqt
670,adrb2,2992,at-frame598400.pdbqt
671,adrb2,2995,at-frame599000.pdbqt
672,adrb2,2996,at-frame599200.pdbqt
673,adrb2,2997,at-frame599400.pdbqt
674,adrb2,2998,at-frame599600.pdbqt
675,adrb2,2999,at-frame599800.pdbqt
676,oprd1,127,at-frame25400.pdbqt
677,oprd1,131,at-frame26200.pdbqt
678,oprd1,460,at-frame92000.pdbqt
679,oprd1,496,at-frame99200.pdbqt
680,oprd1,592,at-frame118400.pdbqt
681,oprd1,697,at-frame139400.pdbqt
682,oprd1,698,at-frame139600.pdbqt
683,oprd1,700,at-frame140000.pdbqt
684,oprd1,701,at-frame140200.pdbqt
685,oprd1,702,at-frame140400.pdbqt
686,oprd1,703,at-frame140600.pdbqt
687,oprd1,704,at-frame140800.pdbqt
688,oprd1,706,at-frame141200.pdbqt
689,oprd1,775,at-frame155000.pdbqt
690,oprd1,785,at-frame157000.pdbqt
691,oprd1,786,at-frame157200.pdbqt
692,oprd1,788,at-frame157600.pdbqt
693,oprd1,792,at-frame158400.pdbqt
694,oprd1,795,at-frame159000.pdbqt
695,oprd1,797,at-frame159400.pdbqt
696,oprd1,798,at-frame159600.pdbqt
697,oprd1,799,at-frame159800.pdbqt
698,oprd1,801,at-frame160200.pdbqt
699,oprd1,803,at-frame160600.pdbqt
700,oprd1,804,at-frame160800.pdbqt
701,oprd1,806,at-frame161200.pdbqt
702,oprd1,807,at-frame161400.pdbqt
703,oprd1,808,at-frame161600.pdbqt
704,oprd1,809,at-frame161800.pdbqt
705,oprd1,810,at-frame162000.pdbqt
706,oprd1,811,at-frame162200.pdbqt
707,oprd1,812,at-frame162400.pdbqt
708,oprd1,813,at-frame162600.pdbqt
709,oprd1,814,at-frame162800.pdbqt
710,oprd1,815,at-frame163000.pdbqt
711,oprd1,816,at-frame163200.pdbqt
712,oprd1,817,at-frame163400.pdbqt
713,oprd1,818,at-frame163600.pdbqt
714,oprd1,819,at-frame163800.pdbqt
715,oprd1,820,at-frame164000.pdbqt
716,oprd1,821,at-frame164200.pdbqt
717,oprd1,822,at-frame164400.pdbqt
718,oprd1,823,at-frame164600.pdbqt
719,oprd1,824,at-frame164800.pdbqt
720,oprd1,825,at-frame165000.pdbqt
721,oprd1,827,at-frame165400.pdbqt
722,oprd1,829,at-frame165800.pdbqt
723,oprd1,830,at-frame166000.pdbqt
724,oprd1,831,at-frame166200.pdbqt
725,oprd1,832,at-frame166400.pdbqt
726,oprd1,833,at-frame166600.pdbqt
727,oprd1,834,at-frame166800.pdbqt
728,oprd1,836,at-frame167200.pdbqt
729,oprd1,837,at-frame167400.pdbqt
730,oprd1,838,at-frame167600.pdbqt
731,oprd1,839,at-frame167800.pdbqt
732,oprd1,840,at-frame168000.pdbqt
733,oprd1,841,at-frame168200.pdbqt
734,oprd1,842,at-frame168400.pdbqt
735,oprd1,843,at-frame168600.pdbqt
736,oprd1,844,at-frame168800.pdbqt
737,oprd1,846,at-frame169200.pdbqt
738,oprd1,847,at-frame169400.pdbqt
739,oprd1,848,at-frame169600.pdbqt
740,oprd1,849,at-frame169800.pdbqt
741,oprd1,850,at-frame170000.pdbqt
742,oprd1,851,at-frame170200.pdbqt
743,oprd1,852,at-frame170400.pdbqt
744,oprd1,854,at-frame170800.pdbqt
745,oprd1,855,at-frame171000.pdbqt
746,oprd1,856,at-frame171200.pdbqt
747,oprd1,858,at-frame171600.pdbqt
748,oprd1,859,at-frame171800.pdbqt
749,oprd1,860,at-frame172000.pdbqt
750,oprd1,861,at-frame172200.pdbqt
751,oprd1,862,at-frame172400.pdbqt
752,oprd1,865,at-frame173000.pdbqt
753,oprd1,866,at-frame173200.pdbqt
754,oprd1,867,at-frame173400.pdbqt
755,oprd1,868,at-frame173600.pdbqt
756,oprd1,869,at-frame173800.pdbqt
757,oprd1,870,at-frame174000.pdbqt
758,oprd1,871,at-frame174200.pdbqt
759,oprd1,872,at-frame174400.pdbqt
760,oprd1,873,at-frame174600.pdbqt
761,oprd1,874,at-frame174800.pdbqt
762,oprd1,875,at-frame175000.pdbqt
763,oprd1,876,at-frame175200.pdbqt
764,oprd1,877,at-frame175400.pdbqt
765,oprd1,878,at-frame175600.pdbqt
766,oprd1,879,at-frame175800.pdbqt
767,oprd1,880,at-frame176000.pdbqt
768,oprd1,881,at-frame176200.pdbqt
769,oprd1,882,at-frame176400.pdbqt
770,oprd1,883,at-frame176600.pdbqt
771,oprd1,900,at-frame180000.pdbqt
772,oprd1,901,at-frame180200.pdbqt
773,oprd1,903,at-frame180600.pdbqt
774,oprd1,1058,at-frame211600.pdbqt
775,oprd1,1101,at-frame220200.pdbqt
776,oprd1,1102,at-frame220400.pdbqt
777,oprd1,1103,at-frame220600.pdbqt
778,oprd1,1104,at-frame220800.pdbqt
779,oprd1,1113,at-frame222600.pdbqt
780,oprd1,1118,at-frame223600.pdbqt
781,oprd1,1122,at-frame224400.pdbqt
782,oprd1,1126,at-frame225200.pdbqt
783,oprd1,1129,at-frame225800.pdbqt
784,oprd1,1133,at-frame226600.pdbqt
785,oprd1,1138,at-frame227600.pdbqt
786,oprd1,1151,at-frame230200.pdbqt
787,oprd1,1154,at-frame230800.pdbqt
788,oprd1,1155,at-frame231000.pdbqt
789,oprd1,1157,at-frame231400.pdbqt
790,oprd1,1158,at-frame231600.pdbqt
791,oprd1,1159,at-frame231800.pdbqt
792,oprd1,1160,at-frame232000.pdbqt
793,oprd1,1164,at-frame232800.pdbqt
794,oprd1,1165,at-frame233000.pdbqt
795,oprd1,1169,at-frame233800.pdbqt
796,oprd1,1170,at-frame234000.pdbqt
797,oprd1,1174,at-frame234800.pdbqt
798,oprd1,1177,at-frame235400.pdbqt
799,oprd1,1179,at-frame235800.pdbqt
800,oprd1,1181,at-frame236200.pdbqt
801,oprd1,1182,at-frame236400.pdbqt
802,oprd1,1183,at-frame236600.pdbqt
803,oprd1,1196,at-frame239200.pdbqt
804,oprd1,1201,at-frame240200.pdbqt
805,oprd1,1203,at-frame240600.pdbqt
806,oprd1,1204,at-frame240800.pdbqt
807,oprd1,1205,at-frame241000.pdbqt
808,oprd1,1212,at-frame242400.pdbqt
809,oprd1,1215,at-frame243000.pdbqt
810,oprd1,1217,at-frame243400.pdbqt
811,oprd1,1218,at-frame243600.pdbqt
812,oprd1,1221,at-frame244200.pdbqt
813,oprd1,1226,at-frame245200.pdbqt
814,oprd1,1227,at-frame245400.pdbqt
815,oprd1,1228,at-frame245600.pdbqt
816,oprd1,1229,at-frame245800.pdbqt
817,oprd1,1232,at-frame246400.pdbqt
818,oprd1,1233,at-frame246600.pdbqt
819,oprd1,1236,at-frame247200.pdbqt
820,oprd1,1238,at-frame247600.pdbqt
821,oprd1,1241,at-frame248200.pdbqt
822,oprd1,1242,at-frame248400.pdbqt
823,oprd1,1280,at-frame256000.pdbqt
824,oprd1,1308,at-frame261600.pdbqt
825,oprd1,1356,at-frame271200.pdbqt
826,oprd1,1399,at-frame279800.pdbqt
827,oprd1,1663,at-frame332600.pdbqt
828,oprd1,1981,at-frame396200.pdbqt
829,oprd1,2026,at-frame405200.pdbqt
830,oprd1,2199,at-frame439800.pdbqt
831,oprd1,2341,at-frame468200.pdbqt
832,oprd1,2441,at-frame488200.pdbqt
833,oprd1,2634,at-frame526800.pdbqt
834,oprd1,2635,at-frame527000.pdbqt
835,oprd1,2641,at-frame528200.pdbqt
836,oprd1,2731,at-frame546200.pdbqt
837,oprd1,2758,at-frame551600.pdbqt
838,oprd1,2876,at-frame575200.pdbqt
839,oprd1,2951,at-frame590200.pdbqt
840,oprd1,2957,at-frame591400.pdbqt
841,oprd1,2961,at-frame592200.pdbqt
842,oprd1,2962,at-frame592400.pdbqt
843,oprd1,2972,at-frame594400.pdbqt
844,oprd1,2979,at-frame595800.pdbqt
845,oprd1,2988,at-frame597600.pdbqt
846,oprk1,4,at-frame800.pdbqt
847,oprk1,107,at-frame21400.pdbqt
848,oprk1,115,at-frame23000.pdbqt
849,oprk1,128,at-frame25600.pdbqt
850,oprk1,152,at-frame30400.pdbqt
851,oprk1,375,at-frame75000.pdbqt
852,oprk1,463,at-frame92600.pdbqt
853,oprk1,653,at-frame130600.pdbqt
854,oprk1,701,at-frame140200.pdbqt
855,oprk1,702,at-frame140400.pdbqt
856,oprk1,755,at-frame151000.pdbqt
857,oprk1,756,at-frame151200.pdbqt
858,oprk1,954,at-frame190800.pdbqt
859,oprk1,986,at-frame197200.pdbqt
860,oprk1,1191,at-frame238200.pdbqt
861,oprk1,1280,at-frame256000.pdbqt
862,oprk1,1372,at-frame274400.pdbqt
863,oprk1,1588,at-frame317600.pdbqt
864,oprk1,1589,at-frame317800.pdbqt
865,oprk1,1630,at-frame326000.pdbqt
866,oprk1,1700,at-frame340000.pdbqt
867,oprk1,1701,at-frame340200.pdbqt
868,oprk1,1702,at-frame340400.pdbqt
869,oprk1,1703,at-frame340600.pdbqt
870,oprk1,1705,at-frame341000.pdbqt
871,oprk1,1707,at-frame341400.pdbqt
872,oprk1,1708,at-frame341600.pdbqt
873,oprk1,1710,at-frame342000.pdbqt
874,oprk1,1714,at-frame342800.pdbqt
875,oprk1,1731,at-frame346200.pdbqt
876,oprk1,1734,at-frame346800.pdbqt
877,oprk1,1735,at-frame347000.pdbqt
878,oprk1,1737,at-frame347400.pdbqt
879,oprk1,1775,at-frame355000.pdbqt
880,oprk1,1800,at-frame360000.pdbqt
881,oprk1,1834,at-frame366800.pdbqt
882,oprk1,1929,at-frame385800.pdbqt
883,oprk1,1953,at-frame390600.pdbqt
884,oprk1,1981,at-frame396200.pdbqt
885,oprk1,1989,at-frame397800.pdbqt
886,oprk1,2009,at-frame401800.pdbqt
887,oprk1,2012,at-frame402400.pdbqt
888,oprk1,2092,at-frame418400.pdbqt
889,oprk1,2224,at-frame444800.pdbqt
890,oprk1,2269,at-frame453800.pdbqt
891,oprk1,2328,at-frame465600.pdbqt
892,oprk1,2376,at-frame475200.pdbqt
893,oprk1,2391,at-frame478200.pdbqt
894,oprk1,2394,at-frame478800.pdbqt
895,oprk1,2396,at-frame479200.pdbqt
896,oprk1,2397,at-frame479400.pdbqt
897,oprk1,2398,at-frame479600.pdbqt
898,oprk1,2401,at-frame480200.pdbqt
899,oprk1,2580,at-frame516000.pdbqt
900,oprk1,2671,at-frame534200.pdbqt
